id,distcode,distname,state,rad,lng,lat,disthash
245718296,363,Jamtara,Jharkhand,9.082666243673524,86.8024922,23.96321639999999,94c3981f
806417087,363,Jamtara,Jharkhand,-1.1569628171019395,86.87881010000001,23.852604399999997,94c3981f
6736171285,363,Jamtara,Jharkhand,4.793280450027162,86.61386129999998,24.045396099999998,94c3981f
6736213486,363,Jamtara,Jharkhand,5.612525281927262,87.1611929,23.97046989999999,94c3981f
566174725,369,Saraikela-Kharsawan,Jharkhand,2.37570992151892,86.1066529,22.815277199999997,ba2a52b9
1323455437,369,Saraikela-Kharsawan,Jharkhand,11.198950231452667,85.94794419999998,22.791741600000005,ba2a52b9
2935183141,369,Saraikela-Kharsawan,Jharkhand,5.209809977903207,85.9314631,22.701465799999998,ba2a52b9
245715873,359,Latehar,Jharkhand,4.805333463535841,84.4994931,23.74355149999999,282c9c61
2173994342,359,Latehar,Jharkhand,11.798638790641734,84.78813929999998,23.8286141,282c9c61
6194675463,359,Latehar,Jharkhand,1.5172443720446476,84.1134739,23.850261899999992,282c9c61
245711510,365,Khunti,Jharkhand,9.924458083219307,85.28004589999999,23.077096099999995,a5ef19d0
1582575400,365,Khunti,Jharkhand,11.905008735016672,85.0842705,22.92655709999999,a5ef19d0
6743975386,365,Khunti,Jharkhand,8.958954070339939,85.28330319999999,22.971294699999998,a5ef19d0
245703060,368,Pashchimi Singhbhum,Jharkhand,-1.623139459135147,85.40779349999998,22.1639504,388ca278
245706983,368,Pashchimi Singhbhum,Jharkhand,5.567857410230148,85.8079,22.54869999999999,388ca278
245708613,368,Pashchimi Singhbhum,Jharkhand,7.597939029820769,85.6201822,22.672758299999995,388ca278
1724876906,368,Pashchimi Singhbhum,Jharkhand,-1.363367078722662,85.2930145,22.1050969,388ca278
6221800910,368,Pashchimi Singhbhum,Jharkhand,2.7855633453169437,85.5063343,22.16059939999999,388ca278
6221800922,368,Pashchimi Singhbhum,Jharkhand,7.446845889212927,85.58918239999998,22.16890589999999,388ca278
6221801452,368,Pashchimi Singhbhum,Jharkhand,4.237552869485135,85.3838539,22.212248699999996,388ca278
6744598585,368,Pashchimi Singhbhum,Jharkhand,13.333924173269555,85.63920019999999,22.22197249999999,388ca278
1310865372,347,Chatra,Jharkhand,18.7303965327325,84.8707742,24.2056663,1504009c
245706199,357,Purbi Singhbhum,Jharkhand,1.4737102605268333,86.71876589999998,22.479057799999993,dbaa941c
566174729,357,Purbi Singhbhum,Jharkhand,0.3291721530005275,86.20295789999999,22.801519399999997,dbaa941c
654096717,357,Purbi Singhbhum,Jharkhand,13.086921080274807,86.4784288,22.58389229999999,dbaa941c
3015052231,357,Purbi Singhbhum,Jharkhand,14.865220607601984,86.349953,22.655634399999983,dbaa941c
6186589306,357,Purbi Singhbhum,Jharkhand,7.979921475614625,86.25735279999999,22.742148,dbaa941c
245722601,348,Kodarma,Jharkhand,9.090855088180907,85.5216823,24.43302909999999,188ae45b
2467374529,348,Kodarma,Jharkhand,8.039920232114131,85.5937309,24.46638009999999,188ae45b
6731729386,348,Kodarma,Jharkhand,11.503906555176467,85.69104189999999,24.47363470000001,188ae45b
6731743787,348,Kodarma,Jharkhand,6.686010146721272,85.4847908,24.395178899999998,188ae45b
245720167,349,Giridih,Jharkhand,15.328672068398989,86.30056939999999,24.1914224,335580ac
6732005785,349,Giridih,Jharkhand,3.1011085349697916,86.4441848,24.18124919999999,335580ac
1317373131,355,Bokaro,Jharkhand,6.103616178185984,86.1751454,23.632753599999997,72d1d8e0
1326704892,355,Bokaro,Jharkhand,5.459951425608186,86.14939269999999,23.667858100000004,72d1d8e0
2467531041,355,Bokaro,Jharkhand,7.111605179736912,86.1456444,23.65443379999999,72d1d8e0
5117404869,355,Bokaro,Jharkhand,6.1923520495250886,85.75176410000002,23.7402273,72d1d8e0
5117404870,355,Bokaro,Jharkhand,6.958429750110443,85.7543455,23.74692869999999,72d1d8e0
5117420504,355,Bokaro,Jharkhand,8.34104691029041,85.83007209999998,23.745216899999992,72d1d8e0
5117514157,355,Bokaro,Jharkhand,6.6260653855758305,85.8486081,23.7596488,72d1d8e0
5117514241,355,Bokaro,Jharkhand,9.281401078554131,85.91670539999998,23.7713413,72d1d8e0
5117514545,355,Bokaro,Jharkhand,6.824613316181116,85.8867627,23.772621999999995,72d1d8e0
6738492885,355,Bokaro,Jharkhand,4.287015103415525,86.1192512,23.748072,72d1d8e0
6738512286,355,Bokaro,Jharkhand,3.4661008189846725,85.85169549999999,23.613050699999985,72d1d8e0
245720866,350,Deoghar,Jharkhand,8.106876548924573,86.64555379999999,24.26487179999999,8ce955f7
245723288,350,Deoghar,Jharkhand,7.114990238049593,86.69771059999998,24.490494499999997,8ce955f7
1884979180,350,Deoghar,Jharkhand,4.344669582866523,86.6469648,24.51425129999999,8ce955f7
6732429688,350,Deoghar,Jharkhand,11.545580052343292,86.7759204,24.37907529999999,8ce955f7
6732429689,350,Deoghar,Jharkhand,8.036475854312984,86.5817606,24.40627819999999,8ce955f7
6732433785,350,Deoghar,Jharkhand,4.3568336660943565,86.8160462,24.510159799999997,8ce955f7
1630011711,366,Gumla,Jharkhand,17.85209769881229,84.54222859999999,23.042607699999998,32488788
245715021,361,Ramgarh,Jharkhand,4.571138765886068,85.5181117,23.631284600000004,c25e6958
245715032,361,Ramgarh,Jharkhand,1.7092667730926245,85.45104,23.620604499999985,c25e6958
797788954,361,Ramgarh,Jharkhand,1.0250922034394712,85.55517749999999,23.786682,c25e6958
5117019288,361,Ramgarh,Jharkhand,0.03757802397655132,85.351855,23.657338300000003,c25e6958
5117314436,361,Ramgarh,Jharkhand,3.0483379376928386,85.5115085,23.718915100000004,c25e6958
5117314644,361,Ramgarh,Jharkhand,4.546225012502414,85.5420937,23.73652629999999,c25e6958
6641860044,361,Ramgarh,Jharkhand,4.427650243484723,85.50131319999998,23.62982049999999,c25e6958
6739936688,361,Ramgarh,Jharkhand,0.1133099530872837,85.6549501,23.57380129999999,c25e6958
2680880430,346,Garhwa,Jharkhand,11.356248430107565,83.57476639999999,24.395533599999997,25141c70
4343018973,346,Garhwa,Jharkhand,8.616022769634238,83.8071597,24.160217199999998,25141c70
1616133032,353,Pakur,Jharkhand,2.3863341469871293,87.8472316,24.63775049999999,e33aa987
6735719087,353,Pakur,Jharkhand,2.341280124670955,87.76398179999998,24.4781265,e33aa987
1310961424,356,Lohardaga,Jharkhand,15.430333981121926,84.6783925,23.431300700000005,a8df9417
1312920306,352,Sahibganj,Jharkhand,4.292098993129258,87.6337598,25.243171599999982,955b8f2d
2471419024,352,Sahibganj,Jharkhand,-1.2235289021708098,87.8283219,25.054823900000013,955b8f2d
3995668976,352,Sahibganj,Jharkhand,8.117217897855346,87.60900879999998,24.88931009999999,955b8f2d
6735324585,352,Sahibganj,Jharkhand,6.126875406536853,87.59214879999999,25.033758299999988,955b8f2d
6735360586,352,Sahibganj,Jharkhand,5.169302892094259,87.8463363,24.97423220000001,955b8f2d
6735409087,352,Sahibganj,Jharkhand,7.861505237397052,87.75913229999999,24.852250999999995,955b8f2d
245728576,351,Godda,Jharkhand,5.378130203037096,87.3186543,25.033488500000008,ae1ad2d3
569602076,351,Godda,Jharkhand,5.159355775875738,87.21096319999998,24.828618100000007,ae1ad2d3
6735320085,351,Godda,Jharkhand,0.14817484173604362,87.4983358,25.144837900000006,ae1ad2d3
245718896,358,Palamu,Jharkhand,11.005162550995836,84.07232869999999,24.0383082,d1030edf
245718914,358,Palamu,Jharkhand,6.650310154932444,84.47654309999999,24.037732399999996,d1030edf
1497313365,358,Palamu,Jharkhand,4.530763573447266,83.9998299,24.53069509999999,d1030edf
6717792487,358,Palamu,Jharkhand,4.387285793662825,84.00316,24.535958199999985,d1030edf
245716010,354,Dhanbad,Jharkhand,5.106692656614095,86.4189974,23.741476699999986,d3ed46a4
245716500,354,Dhanbad,Jharkhand,8.385036149647243,86.70657449999999,23.784446799999994,d3ed46a4
245717704,354,Dhanbad,Jharkhand,0.45761054558348224,86.158482,23.872378399999988,d3ed46a4
1184551742,354,Dhanbad,Jharkhand,6.872735923439399,86.37343699999998,23.774918799999995,d3ed46a4
1325436059,354,Dhanbad,Jharkhand,8.081296240329099,86.35351439999998,23.785275999999985,d3ed46a4
1326272111,354,Dhanbad,Jharkhand,2.7888794130709655,86.41065989999998,23.7191528,d3ed46a4
1691712326,354,Dhanbad,Jharkhand,0.5310665170239072,86.7869794,23.745131399999995,d3ed46a4
2516759396,354,Dhanbad,Jharkhand,11.112603257790923,86.4309638,23.795280899999995,d3ed46a4
5135407741,354,Dhanbad,Jharkhand,2.610513989789835,86.4896289,23.675154399999986,d3ed46a4
5266834933,354,Dhanbad,Jharkhand,11.686335135237579,86.4323271,23.799999199999995,d3ed46a4
5267893989,354,Dhanbad,Jharkhand,11.665934536103808,86.3867979,23.81350499999999,d3ed46a4
6736363734,354,Dhanbad,Jharkhand,3.052589829940346,86.19413849999998,23.90466159999999,d3ed46a4
6736442785,354,Dhanbad,Jharkhand,17.217558938478124,86.5217542,23.8338345,d3ed46a4
245720847,362,Dumka,Jharkhand,18.037895807640595,87.2497712,24.269649600000005,f511d6e8
2501744852,362,Dumka,Jharkhand,6.8322335795445595,87.05727600000002,24.392206700000003,f511d6e8
2235589992,#N/A,Bemetra,Chhatisgarh,13.487297429740284,81.535504,21.714046500000002,e1e8a3c2
571101442,414,Bastar,Chhatisgarh,14.951841155066829,82.02357149999999,19.087075799999997,22a26988
2682349593,#N/A,Mungeli,Chhatisgarh,10.41251974917183,81.6874282,22.066109799999992,f73adf14
5342451097,#N/A,Mungeli,Chhatisgarh,1.7181624530406772,81.70225919999999,22.271539099999995,f73adf14
245702560,406,Bilaspur,Chhatisgarh,16.16411303385935,82.14764749999999,22.0785627,3c054e8f
2793203565,406,Bilaspur,Chhatisgarh,15.347620665206621,81.96017889999999,22.774278199999994,3c054e8f
5342450902,406,Bilaspur,Chhatisgarh,10.717831137690423,82.0239472,22.2959163,3c054e8f
6089924356,406,Bilaspur,Chhatisgarh,9.791717440852894,82.20112319999998,22.0444957,3c054e8f
6093176881,406,Bilaspur,Chhatisgarh,2.456022863675493,82.16777799999998,22.286833000000005,3c054e8f
2693231199,#N/A,Gariaband,Chhatisgarh,4.889853518923868,82.06354289999999,20.633565999999988,f6b05844
2693262836,#N/A,Gariaband,Chhatisgarh,12.74311751487396,82.20876409999998,20.81112139999999,f6b05844
245702016,407,Kabeerdham,Chhatisgarh,21.15561049328672,81.2332055,22.005925400000002,ee31db9f
6697510086,407,Kabeerdham,Chhatisgarh,10.545274085507291,81.1251819,21.834233099999988,ee31db9f
245644515,#N/A,Sukma,Chhatisgarh,3.5025764217047115,81.65701309999999,18.3931013,c958f805
6698843792,#N/A,Sukma,Chhatisgarh,8.398733941711072,81.75383799999999,18.52315519999999,c958f805
2270316597,413,Uttar Bastar Kanker,Chhatisgarh,9.82888288468366,81.4932111,20.269274699999997,c8e14b90
2685251657,413,Uttar Bastar Kanker,Chhatisgarh,15.190560415236448,81.16146329999998,20.09254299999999,c8e14b90
2685251699,413,Uttar Bastar Kanker,Chhatisgarh,9.686722732795822,81.0732063,20.30834079999999,c8e14b90
5497100809,413,Uttar Bastar Kanker,Chhatisgarh,10.064442410340957,80.6770786,20.090744399999995,c8e14b90
245696207,#N/A,Baloda Bazar,Chhatisgarh,3.101607014569602,82.4270994,21.619374499999996,56e79ee8
245698883,#N/A,Baloda Bazar,Chhatisgarh,1.8733077573550463,81.9444592,21.735347800000003,56e79ee8
2270772824,#N/A,Baloda Bazar,Chhatisgarh,-1.0294491732944002,81.7031289,21.627570699999996,56e79ee8
6483982557,#N/A,Baloda Bazar,Chhatisgarh,-0.1080803903341216,82.72061339999999,21.637683400000004,56e79ee8
6697851334,#N/A,Baloda Bazar,Chhatisgarh,12.903399376976312,82.16460219999999,21.535485799999996,56e79ee8
2685138473,#N/A,Balod,Chhatisgarh,22.177719013194814,81.2054198,20.72720059999999,19f0ff06
2685251712,#N/A,Balod,Chhatisgarh,6.729565510144779,81.07172399999999,20.588440299999995,19f0ff06
963473049,416,Dakshin Bastar Dantewada,Chhatisgarh,4.031508019318032,81.25916469999999,18.6333151,5b86fd59
3385859132,416,Dakshin Bastar Dantewada,Chhatisgarh,12.721453268946918,81.3500291,18.88720219999999,5b86fd59
3161843855,401,Surguja,Chhatisgarh,1.6964686709594643,83.1981886,23.122634299999994,e5d2d035
245716719,182,Balrampur,Chhatisgarh,-1.5931980624408446,83.7000683,23.805737499999996,ff099f99
245684933,#N/A,Kondagaon,Chhatisgarh,16.37807317980431,81.6628742,19.588576899999993,f793120f
3875886023,415,Narayanpur,Chhatisgarh,6.612426246243738,81.244411,19.719152900000005,57e488b8
1600756253,409,Durg,Chhatisgarh,4.8179451386813215,81.2746469,21.189728499999998,0e695f9f
3105817661,409,Durg,Chhatisgarh,16.083012284254576,81.37328489999999,21.212067699999984,0e695f9f
4508722920,409,Durg,Chhatisgarh,0.4430680665267437,81.5218991,21.254640599999995,0e695f9f
4539876729,409,Durg,Chhatisgarh,4.0357441570209875,81.4172985,21.3586991,0e695f9f
4539876730,409,Durg,Chhatisgarh,5.370785113575922,81.40272139999999,21.353482199999988,0e695f9f
2239293441,#N/A,Surajpur,Chhatisgarh,8.734933287016732,82.966982,23.19082789999999,e9dac220
2239295749,#N/A,Surajpur,Chhatisgarh,7.024296891946584,82.86672459999998,23.212527999999992,e9dac220
245651719,417,Bijapur,Chhatisgarh,34.65922878413554,80.815939,18.793567899999996,b52c3191
245712256,400,Koriya,Chhatisgarh,3.044576878772318,82.20358059999998,23.216722700000002,b00c4734
2680237411,400,Koriya,Chhatisgarh,18.544622765689557,82.3532182,23.191524499999986,b00c4734
6239266299,400,Koriya,Chhatisgarh,21.388347987543327,82.38424299999998,23.193909899999994,b00c4734
6239266308,400,Koriya,Chhatisgarh,20.25691955385264,82.3906588,23.238299899999994,b00c4734
2270299478,412,Dhamtari,Chhatisgarh,1.4381358383838088,81.54852529999998,20.70839029999999,ce27c4d3
6698434908,412,Dhamtari,Chhatisgarh,6.164653622071862,81.85209269999999,20.7472048,ce27c4d3
6698436701,412,Dhamtari,Chhatisgarh,11.78204711877517,81.9580292,20.350260199999994,ce27c4d3
618560646,404,Korba,Chhatisgarh,13.536034624771503,82.7110855,22.354746799999997,7001d249
1497376350,404,Korba,Chhatisgarh,10.141997803850725,82.6504662,22.352233299999995,7001d249
6089928629,404,Korba,Chhatisgarh,9.736063658737493,82.5516557,22.34836909999999,7001d249
6089928630,404,Korba,Chhatisgarh,10.491238343628234,82.5389313,22.3494805,7001d249
6089929102,404,Korba,Chhatisgarh,10.344832227765044,82.54586219999999,22.35146499999999,7001d249
6699305580,404,Korba,Chhatisgarh,4.578312481292876,82.32536309999999,22.3778571,7001d249
6699305640,404,Korba,Chhatisgarh,8.700664955702143,82.95804259999998,22.299420299999998,7001d249
245703174,403,Raigarh,Chhatisgarh,23.244266744485408,83.3485457,22.167412699999996,ba353231
566284948,403,Raigarh,Chhatisgarh,0.41152790535136957,83.1042482,21.9905525,ba353231
2687358524,403,Raigarh,Chhatisgarh,9.353885229763774,83.20891820000001,22.459626099999987,ba353231
4448250596,403,Raigarh,Chhatisgarh,13.593510909658638,83.389512,21.900007099999996,ba353231
6092478764,403,Raigarh,Chhatisgarh,1.3461734551396494,83.0995774,22.000395,ba353231
6092910410,403,Raigarh,Chhatisgarh,9.376451330175005,83.0782699,21.5856358,ba353231
2239495632,402,Jashpur,Chhatisgarh,1.1616222053913356,83.45863969999999,22.556584699999995,09839cda
2261959751,402,Jashpur,Chhatisgarh,7.910728557854978,84.14019639999998,22.884826999999998,09839cda
6698973255,402,Jashpur,Chhatisgarh,3.9301219106920233,83.74155879999999,22.6441453,09839cda
245692511,411,Mahasamund,Chhatisgarh,15.47656175605987,82.3863574,21.0473726,3c18e807
245693923,411,Mahasamund,Chhatisgarh,4.484724354397615,82.5156818,21.25309989999999,3c18e807
2255169852,411,Mahasamund,Chhatisgarh,11.389202638437679,82.8276732,21.277697499999984,3c18e807
2255173358,411,Mahasamund,Chhatisgarh,8.970199462600222,82.1234163,21.192647999999984,3c18e807
2273760151,411,Mahasamund,Chhatisgarh,5.532925056746986,82.09866339999999,21.110102200000004,3c18e807
2483535315,411,Mahasamund,Chhatisgarh,8.814255295413059,83.0047891,21.315210599999993,3c18e807
245693571,408,Rajnandgaon,Chhatisgarh,12.669586947629586,80.7560121,21.188486800000003,7454d961
1796408692,408,Rajnandgaon,Chhatisgarh,19.46884184683199,80.98184859999999,21.416614499999998,7454d961
2483558902,408,Rajnandgaon,Chhatisgarh,9.678651902154302,81.029154,21.096490599999996,7454d961
4589117619,408,Rajnandgaon,Chhatisgarh,10.272082439275136,81.0392559,21.106615100000003,7454d961
4589436825,408,Rajnandgaon,Chhatisgarh,9.651296939683963,81.0212978,21.099084199999993,7454d961
4592605098,408,Rajnandgaon,Chhatisgarh,7.872135336725511,81.0207453,21.083363899999988,7454d961
6697532068,408,Rajnandgaon,Chhatisgarh,11.044033312574854,80.74380399999998,20.581969999999988,7454d961
6697532089,408,Rajnandgaon,Chhatisgarh,8.08648682169763,80.7252216,20.37468199999999,7454d961
245702187,405,Janjgir-Champa,Chhatisgarh,8.96289197278799,82.4260255,22.023748199999993,c5524846
566284941,405,Janjgir-Champa,Chhatisgarh,3.3607956691652907,82.95982899999998,22.0262563,c5524846
566284944,405,Janjgir-Champa,Chhatisgarh,8.795217661824479,83.08164189999998,21.7812665,c5524846
2271085956,405,Janjgir-Champa,Chhatisgarh,1.5560775952081263,83.23544329999999,21.707668199999993,c5524846
2687521242,405,Janjgir-Champa,Chhatisgarh,4.81070538283134,82.64604119999998,22.030842299999986,c5524846
2688534120,405,Janjgir-Champa,Chhatisgarh,3.0714588576688464,82.5947365,21.721196899999992,c5524846
1207423361,135,Moradabad,Uttar Pradesh,10.520887991044017,78.77328639999999,28.83349819999999,a0530be6
1210719688,135,Moradabad,Uttar Pradesh,1.3611377352704361,78.8618197,29.19215929999999,a0530be6
1203583942,#N/A,Sambhal,Uttar Pradesh,-0.12627486370552288,78.7828513,28.44910399999999,e5b6ea7f
1206416799,#N/A,Sambhal,Uttar Pradesh,10.002349765848749,78.570932,28.58519699999999,e5b6ea7f
1356791775,#N/A,Sambhal,Uttar Pradesh,8.190099013754903,78.53336289999999,28.694973500000007,e5b6ea7f
4023596682,#N/A,Sambhal,Uttar Pradesh,-0.19601903810532575,78.35079609999998,28.420584499999993,e5b6ea7f
5003657046,#N/A,Sambhal,Uttar Pradesh,5.0235438572490905,78.40542289999999,28.265155700000005,e5b6ea7f
245763838,149,Budaun,Uttar Pradesh,15.85796484481847,79.1234,28.0367001,15b5a749
1206370760,149,Budaun,Uttar Pradesh,14.39345799894382,79.0087423,28.001846300000004,15b5a749
4674569088,149,Budaun,Uttar Pradesh,4.618350375920798,79.0564629,28.20754119999999,15b5a749
7093268650,149,Budaun,Uttar Pradesh,22.34447413964875,78.90921589999999,28.1277056,15b5a749
245762061,202,Kanshiram Nagar,Uttar Pradesh,4.851719100805361,78.6456226,27.807703399999994,fb794055
6168851043,202,Kanshiram Nagar,Uttar Pradesh,10.99322591038694,78.9410162,27.7326166,fb794055
7093268649,202,Kanshiram Nagar,Uttar Pradesh,3.9588555386161324,78.99783609999999,27.6900264,fb794055
245760373,180,Bahraich,Uttar Pradesh,6.046547594538561,81.5954,27.575199999999988,2568806d
245762684,180,Bahraich,Uttar Pradesh,11.686604518951507,81.5039,27.8684,2568806d
5485674112,180,Bahraich,Uttar Pradesh,-1.168104169521445,81.59723989999999,28.013043599999992,2568806d
245766577,#N/A,Hapur,Uttar Pradesh,6.57851324428333,77.8468842,28.722594400000002,c2df71fe
1282062667,#N/A,Hapur,Uttar Pradesh,1.2341567076437536,78.0903205,28.788390899999985,c2df71fe
1282067090,#N/A,Hapur,Uttar Pradesh,0.7162195058227753,77.775499,28.729967699999996,c2df71fe
6203971745,#N/A,Hapur,Uttar Pradesh,6.086084234100268,77.84913169999999,28.7317742,c2df71fe
7284417624,#N/A,Hapur,Uttar Pradesh,2.716220921199688,77.64902829999998,28.634309999999996,c2df71fe
245759662,154,Sitapur,Uttar Pradesh,27.97780991774312,80.995364,27.490482099999987,5c4dcb04
245760340,154,Sitapur,Uttar Pradesh,23.18387239672349,80.6840082,27.56155679999999,5c4dcb04
1190674554,154,Sitapur,Uttar Pradesh,8.873634910781362,80.83557389999999,27.282512699999998,5c4dcb04
2140813409,154,Sitapur,Uttar Pradesh,1.0487850471465963,81.1250812,27.298580399999995,5c4dcb04
2365754792,154,Sitapur,Uttar Pradesh,-0.3273062904255021,81.1807701,27.278858299999985,5c4dcb04
7093268646,154,Sitapur,Uttar Pradesh,7.641236193140703,80.5315179,27.43265609999998,5c4dcb04
245768143,#N/A,Samli,Uttar Pradesh,3.3370689660911994,77.2052786,29.394447,9a766899
1215325269,#N/A,Samli,Uttar Pradesh,12.056283860251662,77.30877189999998,29.448349399999998,9a766899
245761333,181,Shrawasti,Uttar Pradesh,14.757010037612462,81.93384329999999,27.703383800000005,d8cea65f
245767601,138,Meerut,Uttar Pradesh,11.739185186066445,77.92086089999998,29.099060999999985,3c73baaa
571773704,138,Meerut,Uttar Pradesh,13.318182441124215,77.7061915,28.996329599999996,3c73baaa
799850435,138,Meerut,Uttar Pradesh,16.706545149639386,77.68677229999999,29.024052899999994,3c73baaa
1217980297,138,Meerut,Uttar Pradesh,8.424620269465576,77.6107693,29.145344900000012,3c73baaa
1535166652,138,Meerut,Uttar Pradesh,17.77953854995156,77.6846082,29.032460900000014,3c73baaa
2876606406,138,Meerut,Uttar Pradesh,7.746423071051615,77.98987589999999,29.1539372,3c73baaa
3909108749,138,Meerut,Uttar Pradesh,8.205847905576881,77.60384089999998,29.149555999999986,3c73baaa
4019942550,138,Meerut,Uttar Pradesh,1.5630143254907993,77.97084559999999,29.200525299999992,3c73baaa
6173634803,138,Meerut,Uttar Pradesh,10.284830841060037,77.70329469999999,29.11332549999999,3c73baaa
6653744741,138,Meerut,Uttar Pradesh,15.216728248624385,77.71921629999999,29.009491500000006,3c73baaa
6657709197,138,Meerut,Uttar Pradesh,12.362019226956619,77.7000815,28.9893916,3c73baaa
6658019690,138,Meerut,Uttar Pradesh,15.546116870821669,77.71192069999998,29.05722009999999,3c73baaa
6658260358,138,Meerut,Uttar Pradesh,13.495825373201992,77.71694179999999,28.99609199999999,3c73baaa
6658260359,138,Meerut,Uttar Pradesh,12.785481221692708,77.72556779999998,28.98839689999999,3c73baaa
6658260794,138,Meerut,Uttar Pradesh,7.0896004568193565,77.64664639999998,28.950175300000005,3c73baaa
6658260818,138,Meerut,Uttar Pradesh,2.8187770239394156,77.6478052,28.916597799999995,3c73baaa
245762879,143,Aligarh,Uttar Pradesh,9.805535673283925,78.0690216,27.881541199999994,07853f76
245763835,143,Aligarh,Uttar Pradesh,7.640406512389945,78.2853798,28.02983310000001,07853f76
245763873,143,Aligarh,Uttar Pradesh,2.8784875293202723,77.5769278,28.040808800000004,07853f76
2191625462,143,Aligarh,Uttar Pradesh,8.012951323449146,77.84266899999999,27.942063699999988,07853f76
245764532,142,Bulandshahr,Uttar Pradesh,8.037188827352924,78.26071599999999,28.20544799999999,b406895f
245765445,142,Bulandshahr,Uttar Pradesh,3.7069141051411316,77.69898309999999,28.4520179,b406895f
1271236305,142,Bulandshahr,Uttar Pradesh,15.363120743736316,78.1049538,28.40335310000001,b406895f
1271237043,142,Bulandshahr,Uttar Pradesh,0.5309646009555913,78.2678725,28.357348200000004,b406895f
1282066396,142,Bulandshahr,Uttar Pradesh,3.164929661289437,78.05991869999998,28.627717299999997,b406895f
2141899772,142,Bulandshahr,Uttar Pradesh,19.952355169444633,77.8542516,28.405651500000005,b406895f
2273598142,142,Bulandshahr,Uttar Pradesh,8.354970225789843,77.85391600000001,28.25326519999999,b406895f
4663101230,142,Bulandshahr,Uttar Pradesh,16.772229357267033,78.128598,28.237804999999994,b406895f
245767658,134,Bijnor,Uttar Pradesh,-1.312133654470404,78.6208906,29.121191299999992,6df6b429
245768304,134,Bijnor,Uttar Pradesh,9.442144601955068,78.674504,29.39303550000001,6df6b429
1209134739,134,Bijnor,Uttar Pradesh,10.715232789089132,78.40746909999999,29.15006789999997,6df6b429
1209135245,134,Bijnor,Uttar Pradesh,9.362987261904193,78.2715003,29.137312199999997,6df6b429
1209147756,134,Bijnor,Uttar Pradesh,6.395721873659524,78.58422259999999,29.20715739999998,6df6b429
1209740205,134,Bijnor,Uttar Pradesh,3.9935184571585105,78.13714349999998,29.36952209999999,6df6b429
1210119396,134,Bijnor,Uttar Pradesh,14.336497647824618,78.5732637,29.324876799999984,6df6b429
1210121524,134,Bijnor,Uttar Pradesh,15.829803847476553,78.34300660000001,29.613132399999994,6df6b429
1210121545,134,Bijnor,Uttar Pradesh,22.835789119506764,78.42997629999999,29.440767899999987,6df6b429
1210700978,134,Bijnor,Uttar Pradesh,7.173967737924244,78.53255669999999,29.52532549999999,6df6b429
5910112582,134,Bijnor,Uttar Pradesh,12.49261173711685,78.3229226,29.63329849999999,6df6b429
1218979126,139,Baghpat,Uttar Pradesh,8.879568873048541,77.2587454,29.10278859999999,d56fd7da
2141899759,139,Baghpat,Uttar Pradesh,-0.548112691098798,77.2193369,28.943401999999992,d56fd7da
2275101395,139,Baghpat,Uttar Pradesh,1.4616753581539632,77.1734354,29.2091123,d56fd7da
245764684,153,Kheri,Uttar Pradesh,18.814702726368186,80.85973759999999,28.235055999999993,b923577c
245765361,153,Kheri,Uttar Pradesh,14.707049524214904,80.58100229999998,28.431273299999994,b923577c
1193155059,153,Kheri,Uttar Pradesh,14.276539406741533,80.7815166,27.946308999999996,b923577c
1211790465,153,Kheri,Uttar Pradesh,19.275552309172607,80.4720642,28.07465900000001,b923577c
1211791948,153,Kheri,Uttar Pradesh,-0.8165585580034312,80.34337199999999,28.290777200000004,b923577c
4831650732,153,Kheri,Uttar Pradesh,30.538568595498717,80.5930771,28.109630999999997,b923577c
1207414283,136,Rampur,Uttar Pradesh,0.09107472853042872,79.02843369999998,28.801400099999995,4c1653fd
1209729761,136,Rampur,Uttar Pradesh,-0.23595784594779365,78.9420086,28.975349799999986,4c1653fd
245764623,150,Bareilly,Uttar Pradesh,9.40037719764098,79.53759639999998,28.208326500000013,ce04df02
245765070,150,Bareilly,Uttar Pradesh,20.490843063396692,79.40965419999999,28.35236089999999,ce04df02
566631926,150,Bareilly,Uttar Pradesh,8.485028854613759,79.3160569,28.549785600000003,ce04df02
1201706157,150,Bareilly,Uttar Pradesh,9.539654975337672,79.4957143,28.774096299999993,ce04df02
4950721082,150,Bareilly,Uttar Pradesh,2.9095126804734646,79.24846439999999,28.221544800000004,ce04df02
7093268651,150,Bareilly,Uttar Pradesh,0.4968028552326814,79.20775649999999,28.539912699999995,ce04df02
245757930,145,Mathura,Uttar Pradesh,6.854573863430631,77.7622061,27.3206052,196f4fd1
245760219,145,Mathura,Uttar Pradesh,6.92301359262108,77.7916007,27.55759869999999,196f4fd1
568283868,145,Mathura,Uttar Pradesh,18.97589041208914,77.6855554,27.495553899999987,196f4fd1
617987467,145,Mathura,Uttar Pradesh,15.692386317188655,77.6938045,27.575372599999994,196f4fd1
1307180290,145,Mathura,Uttar Pradesh,9.17145196384447,77.711505,27.634483900000003,196f4fd1
2275304393,145,Mathura,Uttar Pradesh,3.6316228513975166,77.46118719999998,27.49734899999999,196f4fd1
2377766084,145,Mathura,Uttar Pradesh,14.68661554805034,77.7203733,27.439071999999985,196f4fd1
7054369539,145,Mathura,Uttar Pradesh,16.236406247576788,77.6759384,27.475403399999994,196f4fd1
245760261,201,Etah,Uttar Pradesh,6.063385554489834,78.6578425,27.560019999999987,5b788486
1270311908,201,Etah,Uttar Pradesh,6.076796503052681,79.1708295,27.49448009999999,5b788486
245755802,155,Hardoi,Uttar Pradesh,4.967870918509249,80.5113664,27.06055800000001,85769450
245756711,155,Hardoi,Uttar Pradesh,10.984310088347279,80.0327344,27.174930699999997,85769450
566635182,155,Hardoi,Uttar Pradesh,15.786704781272173,79.9529044,27.289455899999997,85769450
1197329718,155,Hardoi,Uttar Pradesh,24.575366116769537,80.13296690000001,27.401061900000002,85769450
1199240186,155,Hardoi,Uttar Pradesh,5.459881041663274,79.9394235,27.64466879999999,85769450
245759077,182,Balrampur,Uttar Pradesh,8.51295326176014,82.18546019999998,27.42951259999999,ff099f99
245759954,182,Balrampur,Uttar Pradesh,17.243211695128917,82.4138358,27.528738200000003,ff099f99
2506104748,182,Balrampur,Uttar Pradesh,3.6228197068832295,82.4195721,27.317671699999984,ff099f99
1270311849,144,Mahamaya Nagar,Uttar Pradesh,5.023760125868748,78.3805599,27.687979999999996,0d1e3ccb
1270312162,144,Mahamaya Nagar,Uttar Pradesh,3.5666143330012128,78.0545477,27.5975888,0d1e3ccb
1270718334,144,Mahamaya Nagar,Uttar Pradesh,5.7337607886069355,78.0359173,27.4390229,0d1e3ccb
572231982,152,Shahjahanpur,Uttar Pradesh,11.187507082486544,79.9109575,27.88274909999999,0c4a9e7c
1198613353,152,Shahjahanpur,Uttar Pradesh,10.66017953409764,79.9228771,27.8541741,0c4a9e7c
1201718437,152,Shahjahanpur,Uttar Pradesh,17.699470617952,79.74246359999998,27.963332999999988,0c4a9e7c
1845300646,152,Shahjahanpur,Uttar Pradesh,9.774711615338889,79.9212862,27.89921959999999,0c4a9e7c
2239097369,152,Shahjahanpur,Uttar Pradesh,7.395439763929239,80.0952213,28.066313399999995,0c4a9e7c
2266085749,152,Shahjahanpur,Uttar Pradesh,10.195144710004872,80.10762070000001,28.2406582,0c4a9e7c
1202089502,159,Farrukhabad,Uttar Pradesh,6.313899533090684,79.33643939999999,27.554467399999986,59a2fd2c
1270196009,159,Farrukhabad,Uttar Pradesh,4.991493817254229,79.6279515,27.36329569999998,59a2fd2c
1270199126,159,Farrukhabad,Uttar Pradesh,10.600139418387984,79.5790994,27.3895336,59a2fd2c
2876633627,159,Farrukhabad,Uttar Pradesh,4.654879700395681,79.63094049999998,27.373831399999997,59a2fd2c
1180631459,160,Kannauj,Uttar Pradesh,2.2710762606352684,79.9201719,27.053634499999998,4d59f3e6
1270199524,160,Kannauj,Uttar Pradesh,6.764721077573339,79.73163380000001,27.117801800000002,4d59f3e6
1270201907,160,Kannauj,Uttar Pradesh,3.463766550743679,79.5030602,27.1493493,4d59f3e6
3213577186,160,Kannauj,Uttar Pradesh,14.622561327047196,79.7892049,26.957646099999998,4d59f3e6
572259361,151,Pilibhit,Uttar Pradesh,13.593622303595822,79.80540720000002,28.62949959999999,9565590d
2250766758,151,Pilibhit,Uttar Pradesh,16.714880130003163,80.14748129999998,28.5128878,9565590d
4810476601,151,Pilibhit,Uttar Pradesh,5.018625644048424,79.80306629999998,28.2938107,9565590d
6641588699,151,Pilibhit,Uttar Pradesh,-1.3381967020640733,79.88519659999999,28.8166271,9565590d
245755465,148,Mainpuri,Uttar Pradesh,-1.2617215197388831,78.94046419999998,27.0033264,b27404c2
1201698093,148,Mainpuri,Uttar Pradesh,1.7844233291584615,79.29716959999999,27.218395499999986,b27404c2
1270201198,148,Mainpuri,Uttar Pradesh,8.027383340240124,79.181767,27.255225899999985,b27404c2
1270201335,148,Mainpuri,Uttar Pradesh,21.02727093307884,79.02717019999999,27.2270677,b27404c2
1209127941,137,Jyotiba Phule Nagar,Uttar Pradesh,12.271725954896025,78.2452916,28.836098800000006,c12daf4e
1209147858,137,Jyotiba Phule Nagar,Uttar Pradesh,9.947830590132515,78.2826224,28.722781700000002,c12daf4e
1209148825,137,Jyotiba Phule Nagar,Uttar Pradesh,6.022743533745338,78.4707309,28.906620000000004,c12daf4e
3980249747,137,Jyotiba Phule Nagar,Uttar Pradesh,1.5115338060227805,78.40458479999998,29.003136599999998,c12daf4e
983352750,147,Firozabad,Uttar Pradesh,15.369001032800778,78.5881058,27.103764500000008,d9024a8b
1305944931,147,Firozabad,Uttar Pradesh,-0.6236322556039858,78.23711169999999,27.213285900000002,d9024a8b
1307089395,147,Firozabad,Uttar Pradesh,3.0370776555983467,78.39914389999998,27.152798599999993,d9024a8b
7666741486,147,Firozabad,Uttar Pradesh,5.045710290350908,78.4150135,27.16213250000001,d9024a8b
7666741495,147,Firozabad,Uttar Pradesh,7.478689269721462,78.4583097,27.1271518,d9024a8b
245744352,179,Sultanpur,Uttar Pradesh,8.20064128642502,82.22788909999998,26.137389499999994,2c9636b1
1264298601,179,Sultanpur,Uttar Pradesh,10.037526088126768,82.07168929999999,26.258860200000004,2c9636b1
245728860,171,Chitrakoot,Uttar Pradesh,12.373038342279639,81.0996924,25.065131499999993,3aca460f
245730561,171,Chitrakoot,Uttar Pradesh,3.167988401005099,80.91640009999999,25.215825699999993,3aca460f
245733024,171,Chitrakoot,Uttar Pradesh,-1.0028676717752736,81.14941809999999,25.386366199999998,3aca460f
245753072,185,Basti,Uttar Pradesh,8.422386355358066,82.7231355,26.789557899999995,5f041769
2077503318,185,Basti,Uttar Pradesh,5.621355469765953,82.7467623,26.79776279999999,5f041769
245746221,188,Gorakhpur,Uttar Pradesh,-1.3616726882398316,83.5066212,26.283260000000002,8ed5f728
245750861,188,Gorakhpur,Uttar Pradesh,2.7082575556631463,83.5873588,26.650282400000002,8ed5f728
575741452,188,Gorakhpur,Uttar Pradesh,19.46895785058469,83.3668129,26.760021700000003,8ed5f728
2393454365,188,Gorakhpur,Uttar Pradesh,-1.6268780766536144,83.2005744,26.505953900000012,8ed5f728
6183821774,188,Gorakhpur,Uttar Pradesh,5.9071418379350344,83.2158152,26.761574900000003,8ed5f728
245742400,191,Azamgarh,Uttar Pradesh,6.969405029988369,83.2905851,26.087551400000002,d86b84cb
765060153,191,Azamgarh,Uttar Pradesh,16.756767169807212,83.18443899999998,26.065435099999988,d86b84cb
245752687,177,Faizabad,Uttar Pradesh,3.5948040836464688,82.14269999999999,26.77891920000001,e222a102
245752792,177,Faizabad,Uttar Pradesh,9.817725215918049,81.74805399999998,26.749240499999996,e222a102
245753026,177,Faizabad,Uttar Pradesh,0.1785699675769374,82.2052321,26.7990707,e222a102
245746550,178,Ambedkar Nagar,Uttar Pradesh,4.192107484663722,82.7378132,26.31234419999999,c1043e60
245748028,178,Ambedkar Nagar,Uttar Pradesh,14.189941385994443,82.5382541,26.42006870000001,c1043e60
245749636,178,Ambedkar Nagar,Uttar Pradesh,2.0498326316880147,82.6621,26.551099999999998,c1043e60
3303084637,178,Ambedkar Nagar,Uttar Pradesh,-0.11212079064089517,83.0791072,26.304532700000006,c1043e60
245737957,193,Ballia,Uttar Pradesh,2.104460250136487,84.15033029999998,25.7557446,e5f52cdf
245739356,193,Ballia,Uttar Pradesh,5.966942006650753,83.85561019999999,25.8608909,e5f52cdf
662741226,193,Ballia,Uttar Pradesh,2.630830622003686,83.8460568,26.120122299999995,e5f52cdf
245743811,164,Kanpur Nagar,Uttar Pradesh,10.467679981236762,80.1674983,26.1551192,786f66b7
245753746,164,Kanpur Nagar,Uttar Pradesh,2.542607108403291,80.0645793,26.842485699999997,786f66b7
576305890,164,Kanpur Nagar,Uttar Pradesh,1.8248728937075902,80.4000616,26.400898800000004,786f66b7
1180652177,164,Kanpur Nagar,Uttar Pradesh,2.271468557082544,80.3217588,26.46091349999999,786f66b7
1615720898,164,Kanpur Nagar,Uttar Pradesh,1.0130146880864581,80.3650651,26.4487664,786f66b7
1615721379,164,Kanpur Nagar,Uttar Pradesh,7.672944660157589,80.32403799999999,26.406561599999982,786f66b7
2876633626,164,Kanpur Nagar,Uttar Pradesh,1.3688713407715272,80.2722286,26.600809400000003,786f66b7
4963731103,164,Kanpur Nagar,Uttar Pradesh,6.246652570906827,80.2644825,26.47245540000001,786f66b7
4963731104,164,Kanpur Nagar,Uttar Pradesh,5.859748391556476,80.24559969999999,26.465886199999993,786f66b7
4963731963,164,Kanpur Nagar,Uttar Pradesh,2.9517685498854154,80.3419876,26.440988800000003,786f66b7
245734376,198,Sant Ravidas Nagar (Bhadohi),Uttar Pradesh,1.3111898006320413,82.41812369999998,25.464165499999986,42504ec5
765176073,198,Sant Ravidas Nagar (Bhadohi),Uttar Pradesh,8.715541535130425,82.465065,25.33348640000001,42504ec5
765176109,198,Sant Ravidas Nagar (Bhadohi),Uttar Pradesh,2.490723978619888,82.4326002,25.2844591,42504ec5
1264140987,198,Sant Ravidas Nagar (Bhadohi),Uttar Pradesh,0.5865173053267658,82.57014649999999,25.3941093,42504ec5
4667489225,198,Sant Ravidas Nagar (Bhadohi),Uttar Pradesh,-1.9893898373777568,82.50846419999999,25.242706400000003,42504ec5
245756783,184,Siddharthnagar,Uttar Pradesh,7.930822366896416,82.65258459999998,27.204131599999986,0cb3e7c3
245757574,184,Siddharthnagar,Uttar Pradesh,9.81664056280496,83.0855607,27.279303399999996,0cb3e7c3
245759759,184,Siddharthnagar,Uttar Pradesh,-1.7729391659977276,82.7908826,27.497132499999985,0cb3e7c3
6024819938,184,Siddharthnagar,Uttar Pradesh,4.057366525788144,82.64874879999999,27.173293599999987,0cb3e7c3
245752222,186,Sant Kabir Nagar,Uttar Pradesh,-0.6237844493932819,83.1275735,26.754485799999994,c70eb072
2077500593,186,Sant Kabir Nagar,Uttar Pradesh,3.075473476077791,83.11086219999999,26.977253299999987,c70eb072
245734674,174,Kaushambi,Uttar Pradesh,9.87585415638485,81.37493819999999,25.5306196,06622dd4
2087292291,174,Kaushambi,Uttar Pradesh,-1.7695227814284262,81.6619333,25.478342699999985,06622dd4
2087323520,174,Kaushambi,Uttar Pradesh,5.108331466421205,81.48995719999999,25.561561700000006,06622dd4
2146977936,174,Kaushambi,Uttar Pradesh,9.154069398783687,81.5098938,25.377793800000006,06622dd4
245741207,165,Jalaun,Uttar Pradesh,12.336991330348559,79.4534538,25.986391799999996,426d0912
1269030607,165,Jalaun,Uttar Pradesh,26.88882179867112,79.33356849999998,26.143189599999996,426d0912
2081200029,165,Jalaun,Uttar Pradesh,-1.2314687968189402,79.3091991,25.8085199,426d0912
2146972962,165,Jalaun,Uttar Pradesh,-0.4957786725480053,79.74581879999998,26.121671400000007,426d0912
2906138258,165,Jalaun,Uttar Pradesh,9.939448111190497,79.1483252,25.9952332,426d0912
5643045005,165,Jalaun,Uttar Pradesh,5.194241308323602,79.4144517,26.36213809999998,426d0912
287687798,197,Varanasi,Uttar Pradesh,1.7472326824851898,83.00762919999998,25.33564909999999,2e0a86c3
4183163718,197,Varanasi,Uttar Pradesh,3.2797963937864814,82.96631579999999,25.286870399999998,2e0a86c3
4561658690,197,Varanasi,Uttar Pradesh,2.0297999155227515,83.02021229999998,25.345084,2e0a86c3
6261702080,197,Varanasi,Uttar Pradesh,2.969700885671384,82.98356649999998,25.32991719999999,2e0a86c3
245750667,162,Auraiya,Uttar Pradesh,8.168560049150246,79.5536,26.63069999999999,63507a7b
1269032940,162,Auraiya,Uttar Pradesh,3.6593366754930368,79.5101594,26.464515900000002,63507a7b
245738751,173,Pratapgarh,Uttar Pradesh,8.882027968096418,81.5137022,25.717210099999985,c5c35762
245740277,173,Pratapgarh,Uttar Pradesh,15.436011667718857,82.00285900000002,25.92133899999999,c5c35762
1693094791,173,Pratapgarh,Uttar Pradesh,-1.1625110824215517,81.4118044,25.763788799999993,c5c35762
245740768,168,Hamirpur,Uttar Pradesh,-0.8754428164522529,80.1511,25.951600000000003,2ae8c08a
1268160014,168,Hamirpur,Uttar Pradesh,9.80187782594191,79.5665356,25.5936555,2ae8c08a
2146972961,168,Hamirpur,Uttar Pradesh,6.716020370374947,80.1600804,25.826050900000006,2ae8c08a
245754091,183,Gonda,Uttar Pradesh,2.0095438715082774,82.1381306,26.86374779999999,54c26aa6
245755662,183,Gonda,Uttar Pradesh,9.047498841783154,81.7802686,27.031825899999987,54c26aa6
245756302,183,Gonda,Uttar Pradesh,21.26480059371405,81.96459209999999,27.13184040000001,54c26aa6
245745098,163,Kanpur Dehat,Uttar Pradesh,7.7591420079351465,79.8397679,26.22694659999999,5159be68
245747339,163,Kanpur Dehat,Uttar Pradesh,15.653384177625819,79.9488395,26.383210399999996,5159be68
245736790,194,Jaunpur,Uttar Pradesh,2.2576190263652345,82.1902983,25.657911099999982,749c3a9c
245738012,194,Jaunpur,Uttar Pradesh,11.313459569019603,82.689,25.747199999999996,749c3a9c
1263576813,194,Jaunpur,Uttar Pradesh,13.263430290249179,82.6033192,25.604713199999992,749c3a9c
2139197038,194,Jaunpur,Uttar Pradesh,0.695738313396606,82.6810239,26.055739099999997,749c3a9c
4746995987,194,Jaunpur,Uttar Pradesh,3.7676019412720487,82.5729593,25.986270899999994,749c3a9c
4746996841,194,Jaunpur,Uttar Pradesh,2.3359882457939873,82.54784139999998,25.9715195,749c3a9c
7528065486,194,Jaunpur,Uttar Pradesh,11.467353863023177,82.7404683,25.655476499999992,749c3a9c
245754349,176,Bara Banki,Uttar Pradesh,5.678661688549486,81.55618199999999,26.888609999999993,89041198
245754798,176,Bara Banki,Uttar Pradesh,8.907848278683518,81.19483749999999,26.92740969999999,89041198
245756696,176,Bara Banki,Uttar Pradesh,6.056146411225815,81.20990269999999,27.17286180000001,89041198
2141899782,176,Bara Banki,Uttar Pradesh,0.9413731818179053,81.364046,26.60336769999999,89041198
2272857281,176,Bara Banki,Uttar Pradesh,4.8955750973823235,81.404409,27.086604199999996,89041198
245731739,169,Mahoba,Uttar Pradesh,2.962489179688541,79.87920709999999,25.28868509999999,9064b3f8
245733193,169,Mahoba,Uttar Pradesh,6.44156569272317,80.00351349999998,25.401567699999987,9064b3f8
1268157277,169,Mahoba,Uttar Pradesh,15.477962577902431,79.640813,25.318514499999992,9064b3f8
1268161268,169,Mahoba,Uttar Pradesh,12.11821711835367,79.75026799999999,25.402048699999987,9064b3f8
245756276,187,Mahrajganj,Uttar Pradesh,1.5388376479018253,83.75782509999999,27.146890100000007,e765ab1c
245758023,187,Mahrajganj,Uttar Pradesh,9.543746205874443,83.7257283,27.313421500000008,e765ab1c
566994392,187,Mahrajganj,Uttar Pradesh,2.4618580996433694,83.2747426,27.102654900000005,e765ab1c
768578330,187,Mahrajganj,Uttar Pradesh,-0.21378995554238486,83.418656,27.427266399999986,e765ab1c
2246454867,187,Mahrajganj,Uttar Pradesh,1.828414961487149,83.32920609999998,27.301252199999986,e765ab1c
2246454946,187,Mahrajganj,Uttar Pradesh,-1.8255254155781349,83.4703326,27.474591799999985,e765ab1c
2267531594,187,Mahrajganj,Uttar Pradesh,17.09840935067744,83.5621855,27.145800500000007,e765ab1c
5270492453,187,Mahrajganj,Uttar Pradesh,-0.06053995099944655,83.1964707,27.198760599999996,e765ab1c
5334643330,187,Mahrajganj,Uttar Pradesh,3.399802432643153,83.2278041,27.168807099999995,e765ab1c
245728460,199,Mirzapur,Uttar Pradesh,2.1025312459679526,83.0329811,25.015936599999996,09c3966f
245729538,199,Mirzapur,Uttar Pradesh,4.242624611763552,82.88353989999999,25.128193099999983,09c3966f
568448372,199,Mirzapur,Uttar Pradesh,9.229132976754597,82.56899519999999,25.146134600000003,09c3966f
4017634355,199,Mirzapur,Uttar Pradesh,3.3411512986475365,82.71598359999999,25.2075421,09c3966f
4656104541,199,Mirzapur,Uttar Pradesh,6.357109951701326,82.5043173,25.164380399999985,09c3966f
4667008735,199,Mirzapur,Uttar Pradesh,5.790158184696188,82.3905851,25.156372400000006,09c3966f
245752013,189,Kushinagar,Uttar Pradesh,3.120569262063572,83.74410000000002,26.740300000000005,cfce48f2
245754360,189,Kushinagar,Uttar Pradesh,5.615347904634717,83.97932079999998,26.9036455,cfce48f2
245754523,189,Kushinagar,Uttar Pradesh,11.492247278881068,83.83702299999999,26.905230700000004,cfce48f2
245756164,189,Kushinagar,Uttar Pradesh,3.0498153420532983,83.87150419999999,27.178401900000004,cfce48f2
888585563,189,Kushinagar,Uttar Pradesh,1.1951411015631712,83.9162322,26.743827200000002,cfce48f2
888585675,189,Kushinagar,Uttar Pradesh,1.4965711182511963,83.91380629999999,26.751897100000004,cfce48f2
245748968,190,Deoria,Uttar Pradesh,12.201557544658828,83.78297869999999,26.499897499999992,0b302692
764404596,190,Deoria,Uttar Pradesh,11.954734386733529,83.92132199999999,26.296721100000003,0b302692
1185951167,190,Deoria,Uttar Pradesh,4.422159532449326,83.61038039999998,26.444228899999985,0b302692
7227893852,190,Deoria,Uttar Pradesh,-1.2630778933130156,83.83392349999998,26.73709819999998,0b302692
245751946,156,Unnao,Uttar Pradesh,10.730797890539261,80.3445574,26.737783299999993,e4f3449c
245752671,156,Unnao,Uttar Pradesh,1.2385054351015137,80.67457209999999,26.780274599999984,e4f3449c
1181276716,156,Unnao,Uttar Pradesh,11.872875558992874,80.48714799999999,26.543583999999996,e4f3449c
1197301649,156,Unnao,Uttar Pradesh,6.9509126348456665,80.21506,26.891644699999997,e4f3449c
1615720210,156,Unnao,Uttar Pradesh,-0.7188715664430018,80.388953,26.478904500000006,e4f3449c
4019669688,156,Unnao,Uttar Pradesh,5.250402676662791,80.43080529999999,26.515200099999998,e4f3449c
4537365035,156,Unnao,Uttar Pradesh,5.932838232211364,80.6664233,26.621317799999993,e4f3449c
245740499,172,Fatehpur,Uttar Pradesh,10.261157015961356,80.8091,25.93279999999999,247b0531
2255300638,172,Fatehpur,Uttar Pradesh,10.581969335842047,81.10473389999999,25.7722709,247b0531
245741718,192,Mau,Uttar Pradesh,-1.1669440225056151,83.3816323,26.034185099999984,9cbe05a0
655151034,192,Mau,Uttar Pradesh,5.512640496025055,83.5716125,25.93910959999998,9cbe05a0
765060241,192,Mau,Uttar Pradesh,-1.6878053311874641,83.5098005,26.273726999999994,9cbe05a0
1023799106,192,Mau,Uttar Pradesh,10.112484936910965,83.5685545,26.02054419999999,9cbe05a0
245741631,158,Rae Bareli,Uttar Pradesh,5.254173369108372,81.4540176,26.028687699999992,297259d4
245742179,158,Rae Bareli,Uttar Pradesh,1.2893155617376633,81.051715,26.075766199999993,297259d4
245745029,158,Rae Bareli,Uttar Pradesh,11.32590934806744,81.24652029999999,26.220773800000007,297259d4
2194359494,158,Rae Bareli,Uttar Pradesh,5.588390711679432,81.1152047,26.470916799999994,297259d4
6133364062,158,Rae Bareli,Uttar Pradesh,4.572339638216684,81.2936139,25.907756599999978,297259d4
245744913,#N/A,Amethi,Uttar Pradesh,5.938280042121521,81.69258999999998,26.207136600000002,aa2e27a9
245749215,#N/A,Amethi,Uttar Pradesh,-0.24997225942075216,81.4908148,26.524753600000004,aa2e27a9
2192587234,#N/A,Amethi,Uttar Pradesh,9.298960904337436,81.8055055,26.157316299999984,aa2e27a9
245766747,140,Ghaziabad,Uttar Pradesh,8.084919472723158,77.5033582,28.773380800000005,419b24e9
245767001,140,Ghaziabad,Uttar Pradesh,3.8709759288492522,77.57708729999999,28.832071299999996,419b24e9
944835582,140,Ghaziabad,Uttar Pradesh,1.5577965357934236,77.26805209999999,28.7829844,419b24e9
944836698,140,Ghaziabad,Uttar Pradesh,0.7025318808390238,77.2804976,28.763235599999998,419b24e9
944836847,140,Ghaziabad,Uttar Pradesh,-1.1661356094283606,77.2900919,28.731729499999993,419b24e9
944844783,140,Ghaziabad,Uttar Pradesh,-1.4051430076617062,77.3226404,28.642348299999988,419b24e9
2521085873,140,Ghaziabad,Uttar Pradesh,2.2208540914849935,77.41203559999998,28.671152700000004,419b24e9
4012637118,140,Ghaziabad,Uttar Pradesh,-0.47200474331503256,77.654851,28.71424980000001,419b24e9
245767929,133,Muzaffarnagar,Uttar Pradesh,5.564829414805316,77.9477257,29.29044939999999,c250de2d
245768267,133,Muzaffarnagar,Uttar Pradesh,10.680568300141093,77.6961699,29.466236900000006,c250de2d
342115618,133,Muzaffarnagar,Uttar Pradesh,0.27493704665581525,77.7917988,29.61077529999999,c250de2d
456312929,133,Muzaffarnagar,Uttar Pradesh,-0.9497214982112382,77.84114,29.657780000000006,c250de2d
771629358,133,Muzaffarnagar,Uttar Pradesh,4.640511331734951,77.73245589999999,29.27801989999999,c250de2d
6173138060,133,Muzaffarnagar,Uttar Pradesh,2.961944497006736,77.7702856,29.571926800000004,c250de2d
313255437,141,Gautam Buddha Nagar,Uttar Pradesh,2.190486559347394,77.3547609,28.572644199999985,59b04133
712869326,141,Gautam Buddha Nagar,Uttar Pradesh,3.8632662042946193,77.3973739,28.539601800000007,59b04133
712869911,141,Gautam Buddha Nagar,Uttar Pradesh,5.279500281587957,77.5137649,28.467073399999993,59b04133
1191272276,141,Gautam Buddha Nagar,Uttar Pradesh,3.2002310055655463,77.55555029999998,28.55345230000001,59b04133
2263054652,141,Gautam Buddha Nagar,Uttar Pradesh,2.921164561223526,77.5571558,28.12320599999998,59b04133
3655520557,141,Gautam Buddha Nagar,Uttar Pradesh,2.7760104780131813,77.54835569999999,28.3584635,59b04133
3655529295,141,Gautam Buddha Nagar,Uttar Pradesh,1.5523114977193546,77.5226435,28.394934799999984,59b04133
6173815436,141,Gautam Buddha Nagar,Uttar Pradesh,-0.49529574240489954,77.54909989999999,28.213243499999987,59b04133
245768708,132,Saharanpur,Uttar Pradesh,8.374029915945044,77.67798849999998,29.693492399999993,e77e76a7
245768857,132,Saharanpur,Uttar Pradesh,8.144931937096539,77.26294349999999,29.780632000000004,e77e76a7
342115529,132,Saharanpur,Uttar Pradesh,7.972151488646241,77.63245479999999,29.838922899999993,e77e76a7
342116536,132,Saharanpur,Uttar Pradesh,0.3851956894968607,77.7518248,30.036301599999998,e77e76a7
444965997,132,Saharanpur,Uttar Pradesh,6.5438546375192,77.3053997,29.9186122,e77e76a7
444969463,132,Saharanpur,Uttar Pradesh,12.807594343359812,77.33515179999999,29.857471500000013,e77e76a7
723867682,132,Saharanpur,Uttar Pradesh,19.640520441458193,77.5427464,29.963743799999985,e77e76a7
747042224,132,Saharanpur,Uttar Pradesh,6.771909226947232,77.4039793,30.017519399999987,e77e76a7
1212554097,132,Saharanpur,Uttar Pradesh,15.006606559441552,77.4513729,29.803524400000004,e77e76a7
1216548573,132,Saharanpur,Uttar Pradesh,11.827599745958203,77.615188,30.1713379,e77e76a7
1216549971,132,Saharanpur,Uttar Pradesh,5.7663078712639555,77.6216451,30.25572949999999,e77e76a7
245752575,161,Etawah,Uttar Pradesh,10.51456719982219,79.02214669999998,26.778131599999984,5c8b8562
1002713488,161,Etawah,Uttar Pradesh,5.880069281986531,78.8910905,26.87465729999999,5c8b8562
245754293,146,Agra,Uttar Pradesh,0.42877092967525277,78.374679,26.885105699999993,cbea7cbf
245756655,146,Agra,Uttar Pradesh,5.630735691357589,77.75821300000001,27.176057600000007,cbea7cbf
245757119,146,Agra,Uttar Pradesh,0.6316073037038045,78.1981356,27.23363720000001,cbea7cbf
567267943,146,Agra,Uttar Pradesh,9.100568801786553,78.00981609999998,27.17525539999999,cbea7cbf
568383174,146,Agra,Uttar Pradesh,4.071292380564571,77.66239839999999,27.09116550000001,cbea7cbf
747246710,146,Agra,Uttar Pradesh,12.65366674934171,78.04345900000001,27.16710239999999,cbea7cbf
1002661352,146,Agra,Uttar Pradesh,3.298142710353671,78.59306489999999,26.869374499999978,cbea7cbf
1003857377,146,Agra,Uttar Pradesh,1.3678995472317734,78.3008891,27.027130399999987,cbea7cbf
1307089775,146,Agra,Uttar Pradesh,6.47925518143557,78.123465,27.017073599999982,cbea7cbf
3547808248,146,Agra,Uttar Pradesh,7.316792160383522,77.98929659999999,27.17733589999998,cbea7cbf
3547863572,146,Agra,Uttar Pradesh,7.792744525190275,78.0285831,27.208792799999994,cbea7cbf
3547889623,146,Agra,Uttar Pradesh,6.85918181130883,78.0059008,27.199434699999994,cbea7cbf
3571053918,146,Agra,Uttar Pradesh,10.828899016421545,78.0081648,27.1547934,cbea7cbf
3582326393,146,Agra,Uttar Pradesh,1.1577127617176988,77.9501491,27.21272999999999,cbea7cbf
4524190708,146,Agra,Uttar Pradesh,1.649488478491128,78.1906735,27.332393199999995,cbea7cbf
4537328394,146,Agra,Uttar Pradesh,10.025526785042242,77.7865096,27.137500800000005,cbea7cbf
6225637481,146,Agra,Uttar Pradesh,4.524301225183416,77.96150559999998,27.18760689999999,cbea7cbf
6773143986,146,Agra,Uttar Pradesh,0.42009196294772666,77.8198528,26.941506599999986,cbea7cbf
245728761,196,Chandauli,Uttar Pradesh,7.937255355896572,83.2195469,25.04832829999999,80ed54cc
1705521704,196,Chandauli,Uttar Pradesh,2.7301715351374307,83.1251282,25.28073270000001,80ed54cc
2167344145,196,Chandauli,Uttar Pradesh,10.699609092045756,83.2667942,25.259269400000004,80ed54cc
245730850,166,Jhansi,Uttar Pradesh,0.9934471404642577,78.46986909999998,25.23937319999999,5b1466b5
245735648,166,Jhansi,Uttar Pradesh,2.932681652738489,78.8126634,25.573542900000003,5b1466b5
245735969,166,Jhansi,Uttar Pradesh,7.355370694160317,79.2982142,25.5721945,5b1466b5
245736309,166,Jhansi,Uttar Pradesh,18.140586969223182,79.18280149999998,25.61544609999999,5b1466b5
245737753,166,Jhansi,Uttar Pradesh,10.015852300247607,78.9508,25.72939999999999,5b1466b5
1152544900,166,Jhansi,Uttar Pradesh,3.6807431451590262,78.5800085,25.450246399999987,5b1466b5
2082393337,166,Jhansi,Uttar Pradesh,4.873813744501111,78.54635919999998,25.442685499999985,5b1466b5
2146972964,166,Jhansi,Uttar Pradesh,6.055350403704683,79.13229429999998,25.24469999999998,5b1466b5
4578711838,166,Jhansi,Uttar Pradesh,1.1527987870634107,78.90677749999999,25.84387989999999,5b1466b5
4644491718,166,Jhansi,Uttar Pradesh,0.8585414414421525,79.0630906,25.251239500000004,5b1466b5
4663160732,166,Jhansi,Uttar Pradesh,2.6666245315456143,78.99500509999999,25.536667000000012,5b1466b5
4674319201,166,Jhansi,Uttar Pradesh,2.5440373831119394,79.0444959,25.824179799999985,5b1466b5
4676290107,166,Jhansi,Uttar Pradesh,-0.007011771990107945,78.73236249999998,25.375541,5b1466b5
4708164841,166,Jhansi,Uttar Pradesh,0.24931995602905455,78.92277239999999,25.240241199999982,5b1466b5
245731688,170,Banda,Uttar Pradesh,15.749547794383984,80.5746861,25.28841039999999,5abbecc7
245735286,170,Banda,Uttar Pradesh,14.672458799766547,80.70129989999998,25.54693569999999,5abbecc7
572228626,170,Banda,Uttar Pradesh,6.898498110928664,80.33114620000002,25.4737678,5abbecc7
4763823070,170,Banda,Uttar Pradesh,-0.08256468929049561,80.4826743,25.012943800000002,5abbecc7
5081773527,170,Banda,Uttar Pradesh,8.138876296525055,80.3521083,25.533534700000004,5abbecc7
7526707182,170,Banda,Uttar Pradesh,21.31143865016553,80.5220389,25.42653219999999,5abbecc7
708354349,200,Sonbhadra,Uttar Pradesh,28.92350806454397,83.0382342,24.21881709999999,3b34c260
908383933,200,Sonbhadra,Uttar Pradesh,20.636164809989157,82.9932634,24.46761169999999,3b34c260
1261187826,200,Sonbhadra,Uttar Pradesh,22.10240650660335,83.0234741,24.5178532,3b34c260
1261409803,200,Sonbhadra,Uttar Pradesh,8.466662646895232,83.0653136,24.68978789999999,3b34c260
1262188075,200,Sonbhadra,Uttar Pradesh,6.811973710323786,82.77955799999998,24.753453499999985,3b34c260
1497974814,200,Sonbhadra,Uttar Pradesh,1.5081191517128754,82.7715236,24.20550779999999,3b34c260
1497974816,200,Sonbhadra,Uttar Pradesh,-0.18686645272590682,82.69786809999998,24.117948099999992,3b34c260
3354573427,200,Sonbhadra,Uttar Pradesh,13.911172891207487,82.9516536,24.709276000000003,3b34c260
3791453610,200,Sonbhadra,Uttar Pradesh,26.75962002136218,83.0456083,24.451432499999992,3b34c260
4618324523,200,Sonbhadra,Uttar Pradesh,10.601358219301142,83.10442439999998,24.636346800000002,3b34c260
1472072257,167,Lalitpur,Uttar Pradesh,1.7803536860599134,78.7273607,24.584985899999992,0c92f920
2146972963,167,Lalitpur,Uttar Pradesh,14.30488802748242,78.41788659999999,24.693569499999988,0c92f920
764159070,195,Ghazipur,Uttar Pradesh,16.62168734621401,83.75567679999999,25.625503600000002,e09ef457
764159277,195,Ghazipur,Uttar Pradesh,20.994628996086902,83.5903956,25.587416199999986,e09ef457
766422822,195,Ghazipur,Uttar Pradesh,2.110330329290822,83.55586359999998,25.419277300000005,e09ef457
4002361425,195,Ghazipur,Uttar Pradesh,2.461721764306676,83.707344,25.43072219999999,e09ef457
4002361426,195,Ghazipur,Uttar Pradesh,2.736412400012465,83.7472651,25.446833000000012,e09ef457
4002361463,195,Ghazipur,Uttar Pradesh,2.3258539424504425,83.80887549999998,25.499202799999992,e09ef457
4002361610,195,Ghazipur,Uttar Pradesh,-0.677657197080931,83.7788828,25.409250200000002,e09ef457
5102834916,195,Ghazipur,Uttar Pradesh,1.8120498965400065,83.3424003,25.5034498,e09ef457
5102835166,195,Ghazipur,Uttar Pradesh,5.916856695362284,83.4793011,25.517218900000007,e09ef457
245728086,175,Allahabad,Uttar Pradesh,11.712332334527717,82.07183420000001,24.997882699999998,4c6cbda0
245730140,175,Allahabad,Uttar Pradesh,0.22899905038595353,81.61627099999998,25.18547439999999,4c6cbda0
245733956,175,Allahabad,Uttar Pradesh,11.34529671116676,81.8338005,25.438130199999996,4c6cbda0
316298251,175,Allahabad,Uttar Pradesh,19.371006607177463,81.91362799999999,25.4280983,4c6cbda0
2023659026,175,Allahabad,Uttar Pradesh,13.286971922310633,81.86288909999999,25.4028924,4c6cbda0
2042861533,175,Allahabad,Uttar Pradesh,12.35302512587754,81.83382550000002,25.454474900000005,4c6cbda0
2042861535,175,Allahabad,Uttar Pradesh,15.705280553786713,81.8544248,25.475320299999996,4c6cbda0
2042861536,175,Allahabad,Uttar Pradesh,17.828596209776762,81.8585747,25.497943999999997,4c6cbda0
2042861546,175,Allahabad,Uttar Pradesh,12.50532144722326,81.8216375,25.470438600000005,4c6cbda0
2042937305,175,Allahabad,Uttar Pradesh,14.798917329115138,81.8520114,25.465609699999984,4c6cbda0
2087246857,175,Allahabad,Uttar Pradesh,5.313612451592854,81.7724417,25.432466299999994,4c6cbda0
2876643585,175,Allahabad,Uttar Pradesh,16.560072544770943,81.856318,25.52883339999999,4c6cbda0
4703172776,175,Allahabad,Uttar Pradesh,24.91572335097649,81.93763259999999,25.284099499999993,4c6cbda0
6591663045,175,Allahabad,Uttar Pradesh,14.277689751686083,81.85638419999998,25.45052119999999,4c6cbda0
6591663046,175,Allahabad,Uttar Pradesh,16.763307664766295,81.883378,25.44540599999999,4c6cbda0
6591680552,175,Allahabad,Uttar Pradesh,5.29406848198144,81.7341614,25.448990600000005,4c6cbda0
6591683646,175,Allahabad,Uttar Pradesh,16.6599402566317,81.8568563,25.485159399999997,4c6cbda0
6591683647,175,Allahabad,Uttar Pradesh,8.947054917962001,81.8155288,25.42753989999999,4c6cbda0
6591683648,175,Allahabad,Uttar Pradesh,7.658411982680895,81.78237869999998,25.450019300000005,4c6cbda0
6591683649,175,Allahabad,Uttar Pradesh,10.965387371065916,81.8155288,25.457825500000006,4c6cbda0
6591687870,175,Allahabad,Uttar Pradesh,16.32938879985762,81.8546033,25.529914599999994,4c6cbda0
6591831677,175,Allahabad,Uttar Pradesh,18.265542469876557,81.8759107,25.483880999999986,4c6cbda0
6592024345,175,Allahabad,Uttar Pradesh,15.21645968330395,81.8729067,25.434671200000015,4c6cbda0
